{"cameraMode":{"drawMode":0,"name":"Shaded","section":"Shading Mode"},"sceneLighting":false,"audioPlay":false,"sceneViewState":{"m_AlwaysRefresh":false,"showFog":true,"showSkybox":true,"showFlares":true,"showImageEffects":true,"showParticleSystems":true,"showVisualEffectGraphs":true,"m_FxEnabled":true},"in2DMode":false,"pivot":{"x":-10.007708549499512,"y":23.97315216064453,"z":21.854108810424806},"rotation":{"x":0.10182272642850876,"y":-0.003582907607778907,"z":0.00036665453808382154,"w":0.9947972297668457},"size":33.68682098388672,"orthographic":true}