{"cameraMode":{"drawMode":0,"name":"Shaded","section":"Shading Mode"},"sceneLighting":true,"audioPlay":false,"sceneViewState":{"m_AlwaysRefresh":false,"showFog":true,"showSkybox":true,"showFlares":true,"showImageEffects":true,"showParticleSystems":true,"showVisualEffectGraphs":true,"m_FxEnabled":true},"in2DMode":false,"pivot":{"x":10.094449043273926,"y":8.672943115234375,"z":25.348312377929689},"rotation":{"x":0.15155230462551118,"y":0.057789091020822528,"z":-0.00887265894562006,"w":0.9867299199104309},"size":39.694358825683597,"orthographic":false}