{"cameraMode":{"drawMode":0,"name":"Shaded","section":"Shading Mode"},"sceneLighting":true,"audioPlay":false,"sceneViewState":{"m_AlwaysRefresh":false,"showFog":true,"showSkybox":true,"showFlares":true,"showImageEffects":true,"showParticleSystems":true,"showVisualEffectGraphs":true,"m_FxEnabled":true},"in2DMode":false,"pivot":{"x":53.89497756958008,"y":-7.987020492553711,"z":34.423255920410159},"rotation":{"x":0.14677846431732179,"y":-0.0011775519233196974,"z":0.00017456508066970855,"w":0.9891775846481323},"size":31.883831024169923,"orthographic":false}